expected,actual,correct,expected_groups,split_groups,strokes,elapsed_ms,worst_distance,avg_distance,exp_initial,exp_medial,exp_final,act_initial,act_medial,act_final
너,너,1,2,2,3,8.296,1.3145,0.9236,ㄴ,ㅓ,,ㄴ,ㅓ,
모,모,1,2,2,5,18.667,0.9826,0.6318,ㅁ,ㅗ,,ㅁ,ㅗ,
수,수,1,2,2,4,10.311,1.4308,1.1968,ㅅ,ㅜ,,ㅅ,ㅜ,
아,아,1,2,2,3,2.492,1.1725,1.0014,ㅇ,ㅏ,,ㅇ,ㅏ,
거,거,1,2,2,3,2.728,1.2289,0.8868,ㄱ,ㅓ,,ㄱ,ㅓ,
노,노,1,2,2,3,2.503,0.6928,0.6413,ㄴ,ㅗ,,ㄴ,ㅗ,
무,무,1,2,2,5,18.018,1.1160,0.7629,ㅁ,ㅜ,,ㅁ,ㅜ,
사,사,1,2,2,4,5.410,0.7437,0.4842,ㅅ,ㅏ,,ㅅ,ㅏ,
어,어,1,2,2,3,3.546,1.0859,0.8682,ㅇ,ㅓ,,ㅇ,ㅓ,
각,각,1,3,3,4,10.289,1.1008,0.7639,ㄱ,ㅏ,ㄱ,ㄱ,ㅏ,ㄱ
넌,넌,1,3,3,4,10.337,1.3808,0.7443,ㄴ,ㅓ,ㄴ,ㄴ,ㅓ,ㄴ
몸,몸,1,3,3,8,47.223,1.3953,1.0221,ㅁ,ㅗ,ㅁ,ㅁ,ㅗ,ㅁ
삿,삿,1,3,3,6,26.623,1.1324,0.7643,ㅅ,ㅏ,ㅅ,ㅅ,ㅏ,ㅅ
엉,엉,1,3,3,4,10.267,1.0473,0.8850,ㅇ,ㅓ,ㅇ,ㅇ,ㅓ,ㅇ
가,가,1,2,2,3,2.452,0.5896,0.4507,ㄱ,ㅏ,,ㄱ,ㅏ,
너,너,1,2,2,3,3.489,1.3412,1.1115,ㄴ,ㅓ,,ㄴ,ㅓ,
모,모,1,2,2,5,16.841,1.3863,0.9799,ㅁ,ㅗ,,ㅁ,ㅗ,
수,수,1,2,2,4,10.016,0.5000,0.4842,ㅅ,ㅜ,,ㅅ,ㅜ,
아,아,1,2,2,3,2.479,1.0830,0.7343,ㅇ,ㅏ,,ㅇ,ㅏ,
거,거,1,2,2,3,2.441,1.2600,0.8143,ㄱ,ㅓ,,ㄱ,ㅓ,
노,노,1,2,2,3,2.720,0.4636,0.4244,ㄴ,ㅗ,,ㄴ,ㅗ,
무,무,1,2,2,5,16.833,0.6857,0.6479,ㅁ,ㅜ,,ㅁ,ㅜ,
사,사,1,2,2,4,7.448,1.0795,0.7501,ㅅ,ㅏ,,ㅅ,ㅏ,
어,어,1,2,2,3,2.703,1.7811,1.0706,ㅇ,ㅓ,,ㅇ,ㅓ,
각,각,1,3,3,4,10.033,1.0837,0.7564,ㄱ,ㅏ,ㄱ,ㄱ,ㅏ,ㄱ
넌,넌,1,3,3,4,10.144,1.2390,0.8252,ㄴ,ㅓ,ㄴ,ㄴ,ㅓ,ㄴ
몸,맘,0,3,3,8,53.263,1.2900,1.1235,ㅁ,ㅗ,ㅁ,ㅁ,ㅏ,ㅁ
삿,삿,1,3,3,6,26.780,1.1874,0.7996,ㅅ,ㅏ,ㅅ,ㅅ,ㅏ,ㅅ
엉,엉,1,3,3,4,10.327,1.1992,0.8513,ㅇ,ㅓ,ㅇ,ㅇ,ㅓ,ㅇ
가,가,1,2,2,3,2.467,1.6035,0.9454,ㄱ,ㅏ,,ㄱ,ㅏ,
너,너,1,2,2,3,3.673,1.4902,0.9930,ㄴ,ㅓ,,ㄴ,ㅓ,
모,모,1,2,2,5,16.974,1.1680,0.8645,ㅁ,ㅗ,,ㅁ,ㅗ,
수,수,1,2,2,4,11.173,0.8682,0.6297,ㅅ,ㅜ,,ㅅ,ㅜ,
아,마,0,2,2,5,12.613,1.4159,0.9751,ㅇ,ㅏ,,ㅁ,ㅏ,
거,거,1,2,2,3,2.579,0.9321,0.7904,ㄱ,ㅓ,,ㄱ,ㅓ,
노,노,1,2,2,3,2.438,0.5005,0.4239,ㄴ,ㅗ,,ㄴ,ㅗ,
무,무,1,2,2,5,17.335,0.8656,0.6684,ㅁ,ㅜ,,ㅁ,ㅜ,
사,사,1,2,2,4,5.171,0.9264,0.6687,ㅅ,ㅏ,,ㅅ,ㅏ,
어,어,1,2,2,3,2.491,1.2074,0.7136,ㅇ,ㅓ,,ㅇ,ㅓ,
각,거,0,3,2,4,10.081,0.8143,0.7257,ㄱ,ㅏ,ㄱ,ㄱ,ㅓ,
넌,넌,1,3,3,4,10.345,0.8413,0.5754,ㄴ,ㅓ,ㄴ,ㄴ,ㅓ,ㄴ
몸,몸,1,3,3,8,47.267,1.1244,0.8948,ㅁ,ㅗ,ㅁ,ㅁ,ㅗ,ㅁ
삿,삿,1,3,3,6,26.771,0.7135,0.5761,ㅅ,ㅏ,ㅅ,ㅅ,ㅏ,ㅅ
엉,엉,1,3,3,4,10.578,1.3773,1.0076,ㅇ,ㅓ,ㅇ,ㅇ,ㅓ,ㅇ
가,가,1,2,2,3,2.453,1.1725,0.7409,ㄱ,ㅏ,,ㄱ,ㅏ,
너,너,1,2,2,3,2.423,0.8394,0.6159,ㄴ,ㅓ,,ㄴ,ㅓ,
모,모,1,2,2,5,16.725,0.6303,0.5418,ㅁ,ㅗ,,ㅁ,ㅗ,
수,수,1,2,2,4,9.903,0.8772,0.6953,ㅅ,ㅜ,,ㅅ,ㅜ,
아,아,1,2,2,3,2.473,1.3321,0.8003,ㅇ,ㅏ,,ㅇ,ㅏ,
거,거,1,2,2,3,2.819,1.1410,0.9852,ㄱ,ㅓ,,ㄱ,ㅓ,
노,노,1,2,2,3,2.461,1.0162,0.7552,ㄴ,ㅗ,,ㄴ,ㅗ,
무,무,1,2,2,5,15.344,1.6693,1.0501,ㅁ,ㅜ,,ㅁ,ㅜ,
사,사,1,2,2,4,5.379,1.4451,0.8771,ㅅ,ㅏ,,ㅅ,ㅏ,
어,어,1,2,2,3,2.457,1.2008,0.8396,ㅇ,ㅓ,,ㅇ,ㅓ,
각,각,1,3,3,4,10.573,1.0611,0.7695,ㄱ,ㅏ,ㄱ,ㄱ,ㅏ,ㄱ
넌,넌,1,3,3,4,10.519,0.8532,0.6211,ㄴ,ㅓ,ㄴ,ㄴ,ㅓ,ㄴ
몸,몸,1,3,3,8,49.880,1.2483,0.8843,ㅁ,ㅗ,ㅁ,ㅁ,ㅗ,ㅁ
삿,삿,1,3,3,6,27.365,1.1409,0.8186,ㅅ,ㅏ,ㅅ,ㅅ,ㅏ,ㅅ
엉,엉,1,3,3,4,10.442,1.4353,1.0613,ㅇ,ㅓ,ㅇ,ㅇ,ㅓ,ㅇ
가,가,1,2,2,3,2.520,1.2184,0.8508,ㄱ,ㅏ,,ㄱ,ㅏ,
너,너,1,2,2,3,2.982,1.2032,0.8488,ㄴ,ㅓ,,ㄴ,ㅓ,
모,모,1,2,2,5,16.401,1.3229,0.8047,ㅁ,ㅗ,,ㅁ,ㅗ,
수,수,1,2,2,4,9.924,0.7115,0.6994,ㅅ,ㅜ,,ㅅ,ㅜ,
아,아,1,2,2,3,2.732,1.0907,0.6999,ㅇ,ㅏ,,ㅇ,ㅏ,
거,거,1,2,2,3,2.669,0.8821,0.6692,ㄱ,ㅓ,,ㄱ,ㅓ,
노,노,1,2,2,3,2.604,0.7874,0.5508,ㄴ,ㅗ,,ㄴ,ㅗ,
무,무,1,2,2,5,15.679,1.0241,0.7097,ㅁ,ㅜ,,ㅁ,ㅜ,
사,사,1,2,2,4,7.302,1.2753,1.0223,ㅅ,ㅏ,,ㅅ,ㅏ,
어,어,1,2,2,3,2.700,1.3209,0.7336,ㅇ,ㅓ,,ㅇ,ㅓ,
각,각,1,3,3,4,9.956,1.3753,0.8562,ㄱ,ㅏ,ㄱ,ㄱ,ㅏ,ㄱ
넌,넌,1,3,3,4,11.247,1.2398,0.7451,ㄴ,ㅓ,ㄴ,ㄴ,ㅓ,ㄴ
몸,몸,1,3,3,8,55.174,1.0863,0.8048,ㅁ,ㅗ,ㅁ,ㅁ,ㅗ,ㅁ
삿,삿,1,3,3,6,26.876,1.2868,0.9210,ㅅ,ㅏ,ㅅ,ㅅ,ㅏ,ㅅ
엉,엉,1,3,3,4,10.314,1.4752,1.1089,ㅇ,ㅓ,ㅇ,ㅇ,ㅓ,ㅇ
가,가,1,2,2,3,2.480,0.8155,0.6543,ㄱ,ㅏ,,ㄱ,ㅏ,
너,너,1,2,2,3,2.422,1.4261,0.9530,ㄴ,ㅓ,,ㄴ,ㅓ,
모,모,1,2,2,5,18.024,1.0115,0.6733,ㅁ,ㅗ,,ㅁ,ㅗ,
수,수,1,2,2,4,10.422,0.7774,0.6546,ㅅ,ㅜ,,ㅅ,ㅜ,
아,아,1,2,2,3,2.447,1.4173,0.9001,ㅇ,ㅏ,,ㅇ,ㅏ,
거,거,1,2,2,3,2.540,0.8315,0.6942,ㄱ,ㅓ,,ㄱ,ㅓ,
